variable,n_stroke1,mean_stroke1,sd_stroke1,n_stroke0,mean_stroke0,sd_stroke0,t_welch,p_t_welch,u_mannwhitney,p_u_mannwhitney,cohens_d
age,249,67.72819277108434,12.72741936040424,4861,41.971544949598844,22.291940384600483,29.68626563006023,2.115684848347272e-95,1010125.5,3.726634665900011e-71,1.174806745240672
avg_glucose_level,249,132.54473895582328,61.92105558068222,4861,104.79551326887471,43.846068500276566,6.982411744792963,2.4014366563697676e-11,739150.0,3.6403672710893236e-09,0.6181324456241207
bmi,209,30.471291866028707,6.329451820046447,4700,28.823063829787237,7.908287073929457,3.6404100561556993,0.0003339710013121601,569021.5,0.00010264290844688746,0.2100238940994398
